Region_ID,Region_name,Region_class,Process_ID,Sv_mean,Sv_max,Height_mean,Depth_mean,Ping_M,Dist_M,Date_S,Time_S,Date_E,Time_E,Date_M,Time_M,Lat_S,Lon_S,Lat_E,Lon_E,Lat_M,Lon_M,Program_version,EV_filename,Uncorrected_length,Uncorrected_thickness,Uncorrected_perimeter,Uncorrected_area,Standard_deviation,Corrected_length,Corrected_thickness,Corrected_perimeter,Corrected_area,Horizontal_roughness_coefficient,Vertical_roughness_coefficient,ABC,Area_Backscatter_Strength,Thickness_mean,Frequency,Center_of_mass,Inertia,Proportion_occupied,Equivalent_area,Aggregation_index
1,"Region 1","Krill Schools",2079,-67.941659,-57.787477,2.235030,177.622801,442,1886.279470,20220425, 21:31:42.0011,20220425, 21:32:00.0011,20220425, 21:31:48.0011,33.15933680,-117.43490870,33.15930164,-117.43495920,33.15932511,-117.43492549,"13.0.398.0","C:\Work\GliderTesting\Nortek echoview template\Test_nortek_template.EV",7.893406,2.980040,22.089920,17.843439,0.00000041130796,-9999.000000,2.230040,-9999.000000,-9999.000000,0.00000000294721,0.00000238498648,0.00000035901903,-64.4488253258,2.235030,70.000000,177.554344,0.568173,1.000000,1.227495,0.814667
2,"Region 2","Krill Schools",2079,-62.673971,-54.454074,1.862525,249.143761,1197,4110.702211,20220425, 23:18:42.0011,20220425, 23:19:00.0011,20220425, 23:18:48.0011,33.14423051,-117.44541865,33.14419288,-117.44547117,33.14421793,-117.44543620,"13.0.398.0","C:\Work\GliderTesting\Nortek echoview template\Test_nortek_template.EV",8.618349,2.235030,21.668699,16.034284,0.00000109232806,-9999.000000,1.485030,-9999.000000,-9999.000000,0.00000280246231,0.00000395096717,0.00000100624802,-59.9729495957,1.862525,70.000000,249.104719,0.197665,1.000000,1.525564,0.655495
3,"Region 3","Krill Schools",2079,-69.647452,-61.440848,1.713523,199.657281,1209,4136.160221,20220425, 23:19:48.0011,20220425, 23:20:12.0011,20220425, 23:20:00.0012,33.14409429,-117.44560880,33.14404407,-117.44567890,33.14406912,-117.44564394,"13.0.398.0","C:\Work\GliderTesting\Nortek echoview template\Test_nortek_template.EV",10.774192,2.235030,25.969154,18.446918,0.00000020786022,-9999.000000,1.485030,-9999.000000,-9999.000000,0.00000082437379,0.00000099447530,0.00000018584239,-67.3085522943,1.713523,70.000000,199.718763,0.240769,1.000000,1.898261,0.526798
4,"Region 4","Krill Schools",2079,-44.141540,-33.297211,1.738357,309.077155,1228,4176.686184,20220425, 23:21:42.0011,20220425, 23:22:12.0012,20220425, 23:21:54.0011,33.14385740,-117.44593949,33.14379674,-117.44602418,33.14383222,-117.44597465,"13.0.398.0","C:\Work\GliderTesting\Nortek echoview template\Test_nortek_template.EV",12.532660,3.725050,32.469690,21.578611,0.00010643438546,-9999.000000,2.975050,-9999.000000,-9999.000000,0.00055781594500,0.00019179315523,0.00006698613350,-41.7401508933,1.738357,70.000000,308.607884,0.228028,0.928571,1.161893,0.860665
5,"Region 5","Krill Schools",2079,-78.963618,-70.386784,1.490020,113.551941,1373,4484.387716,20220425, 23:36:12.0011,20220425, 23:36:42.0011,20220425, 23:36:24.0011,33.14205873,-117.44845042,33.14199802,-117.44853518,33.14203353,-117.44848560,"13.0.398.0","C:\Work\GliderTesting\Nortek echoview template\Test_nortek_template.EV",12.539748,2.980040,31.241165,18.684475,0.00000002682360,-9999.000000,2.230040,-9999.000000,-9999.000000,0.00000000017553,0.00000010601441,0.00000001891604,-77.2316972563,1.490020,70.000000,113.667026,0.595118,1.000000,1.693740,0.590409
6,"Region 6","Krill Schools",2079,-67.383790,-58.566540,1.303768,212.664878,1374,4486.521998,20220425, 23:36:18.0011,20220425, 23:36:48.0011,20220425, 23:36:30.0012,33.14204649,-117.44846751,33.14198543,-117.44855275,33.14202106,-117.44850302,"13.0.398.0","C:\Work\GliderTesting\Nortek echoview template\Test_nortek_template.EV",12.587966,2.235030,29.589400,16.397098,0.00000040634658,-9999.000000,1.485030,-9999.000000,-9999.000000,0.00000000358570,0.00000235531566,0.00000023813385,-66.2317887307,1.303768,70.000000,212.634827,0.275886,1.000000,1.369096,0.730409
7,"Region 7","Krill Schools",2079,-65.513384,-57.460342,1.713523,249.815889,1809,5731.077234,20220426, 00:31:25.0012,20220426, 00:31:49.0011,20220426, 00:31:37.0012,33.13402561,-117.45645049,33.13400775,-117.45651727,33.13401669,-117.45648383,"13.0.398.0","C:\Work\GliderTesting\Nortek echoview template\Test_nortek_template.EV",8.175292,2.235030,20.522434,14.012465,0.00000050513741,-9999.000000,1.485030,-9999.000000,-9999.000000,0.00000187047462,0.00000187845676,0.00000048145036,-63.1744848703,1.713523,70.000000,249.876304,0.253771,1.000000,2.093925,0.477572
8,"Region 8","Krill Schools",2079,-68.346714,-59.661265,1.639022,187.307931,2156,6291.151692,20220426, 01:06:07.0011,20220426, 01:06:31.0011,20220426, 01:06:19.0012,33.13249629,-117.46217168,33.13247827,-117.46223910,33.13248759,-117.46220423,"13.0.398.0","C:\Work\GliderTesting\Nortek echoview template\Test_nortek_template.EV",8.256957,2.235030,20.957560,13.610988,0.00000029954144,-9999.000000,1.485030,-9999.000000,-9999.000000,0.00000221133006,0.00000101442630,0.00000023983546,-66.2008661098,1.639022,70.000000,187.427625,0.188476,1.000000,1.639042,0.610112
9,"Region 9","Krill Schools",2079,-72.439162,-64.184296,1.639022,137.392261,2345,6851.689242,20220426, 01:31:27.0011,20220426, 01:31:51.0011,20220426, 01:31:39.0011,33.12949988,-117.46552076,33.12948061,-117.46561255,33.12949052,-117.46556533,"13.0.398.0","C:\Work\GliderTesting\Nortek echoview template\Test_nortek_template.EV",11.052322,2.235030,26.550849,18.208670,0.00000011678503,-9999.000000,1.485030,-9999.000000,-9999.000000,0.00000120574039,0.00000045647780,0.00000009346921,-70.2933142322,1.639022,70.000000,137.386512,0.226338,1.000000,1.637985,0.610506
10,"Region 10","Krill Schools",2079,-77.496240,-68.210843,1.955651,130.128413,2357,6877.873419,20220426, 01:32:45.0011,20220426, 01:33:03.0011,20220426, 01:32:51.0011,33.12943817,-117.46581462,33.12942369,-117.46588360,33.12943336,-117.46583757,"13.0.398.0","C:\Work\GliderTesting\Nortek echoview template\Test_nortek_template.EV",8.839135,2.607535,22.873324,17.295153,0.00000003869061,-9999.000000,1.857535,-9999.000000,-9999.000000,0.00000000117422,0.00000018896638,0.00000003480707,-74.5833257441,1.955651,70.000000,130.179851,0.496001,1.000000,1.422139,0.703166
11,"Region 11","Krill Schools",2079,-72.635590,-62.886687,1.117515,220.088371,2394,6958.477159,20220426, 01:36:21.0012,20220426, 01:36:51.0012,20220426, 01:36:33.0012,33.12926703,-117.46662965,33.12924377,-117.46674042,33.12925737,-117.46667564,"13.0.398.0","C:\Work\GliderTesting\Nortek echoview template\Test_nortek_template.EV",12.846542,2.235030,30.352675,14.356204,0.00000013027594,-9999.000000,1.485030,-9999.000000,-9999.000000,0.00000001299007,0.00000102041809,0.00000006091081,-72.1530562273,1.117515,70.000000,220.386473,0.216910,0.833333,0.882446,1.133213
12,"Region 12","Krill Schools",2079,-68.849200,-59.779170,1.788024,221.205886,2583,7369.092491,20220426, 01:55:15.0011,20220426, 01:55:39.0011,20220426, 01:55:27.0011,33.12837050,-117.47089912,33.12835114,-117.47099130,33.12836088,-117.47094493,"13.0.398.0","C:\Work\GliderTesting\Nortek echoview template\Test_nortek_template.EV",10.892516,2.980040,27.909367,19.591322,0.00000026245834,-9999.000000,2.230040,-9999.000000,-9999.000000,0.00000154314175,0.00000092651269,0.00000023305228,-66.3254665310,1.788024,70.000000,221.332757,0.628287,1.000000,1.829827,0.546500
13,"Region 13","Krill Schools",2079,-70.503993,-61.609129,1.303768,304.620398,3089,9200.406061,20220426, 03:05:01.0011,20220426, 03:05:31.0012,20220426, 03:05:13.0011,33.11926185,-117.48170185,33.11924175,-117.48183066,33.11925405,-117.48175184,"13.0.398.0","C:\Work\GliderTesting\Nortek echoview template\Test_nortek_template.EV",14.754425,2.235030,33.964142,19.310974,0.00000019181168,-9999.000000,1.485030,-9999.000000,-9999.000000,0.00000000445136,0.00000104355442,0.00000011609161,-69.3519915411,1.303768,70.000000,304.615084,0.241818,1.000000,1.443455,0.692782
14,"Region 14","Krill Schools",2079,-76.104318,-66.808563,1.490020,169.427691,3455,10114.674560,20220426, 03:41:37.0012,20220426, 03:42:07.0011,20220426, 03:41:49.0011,33.11775881,-117.49133503,33.11773865,-117.49146427,33.11775117,-117.49138400,"13.0.398.0","C:\Work\GliderTesting\Nortek echoview template\Test_nortek_template.EV",14.799864,2.235030,34.048841,22.052093,0.00000005387885,-9999.000000,1.485030,-9999.000000,-9999.000000,0.00000000109887,0.00000021042990,0.00000003653930,-74.3723972347,1.490020,70.000000,169.540740,0.233753,1.000000,1.589039,0.629311
15,"Region 15","Krill Schools",2079,-66.656215,-57.582088,1.303768,337.986203,3524,10287.284814,20220426, 03:48:31.0012,20220426, 03:49:01.0011,20220426, 03:48:43.0011,33.11747575,-117.49314922,33.11745497,-117.49328236,33.11746743,-117.49320250,"13.0.398.0","C:\Work\GliderTesting\Nortek echoview template\Test_nortek_template.EV",15.155242,2.607535,35.538039,19.759366,0.00000044899051,-9999.000000,1.857535,-9999.000000,-9999.000000,0.00000002487427,0.00000253173393,0.00000028156502,-65.5042130642,1.303768,70.000000,337.958690,0.473019,1.000000,1.528898,0.654066
16,"Region 16","Krill Schools",2079,-61.421741,-52.247909,1.490020,424.947496,3574,10412.183218,20220426, 03:53:31.0011,20220426, 03:53:55.0011,20220426, 03:53:43.0011,33.11727068,-117.49446352,33.11725384,-117.49457148,33.11726213,-117.49451833,"13.0.398.0","C:\Work\GliderTesting\Nortek echoview template\Test_nortek_template.EV",12.398648,2.235030,29.503059,18.607278,0.00000178794936,-9999.000000,1.485030,-9999.000000,-9999.000000,0.00000001060159,0.00001197721585,0.00000107403380,-59.6898205204,1.490020,70.000000,424.973704,0.278651,1.000000,1.088405,0.918776
17,"Region 17","Krill Schools",2079,-79.158067,-70.657081,2.235030,106.846851,3864,11136.366979,20220426, 04:22:37.0011,20220426, 04:22:55.0011,20220426, 04:22:43.0011,33.11607559,-117.50212297,33.11606311,-117.50220295,33.11607173,-117.50214773,"13.0.398.0","C:\Work\GliderTesting\Nortek echoview template\Test_nortek_template.EV",10.128314,2.980040,26.186228,22.901899,0.00000002290762,-9999.000000,2.230040,-9999.000000,-9999.000000,0.00000000265017,0.00000007145719,0.00000002713168,-75.6652331257,2.235030,70.000000,106.950670,0.632685,1.000000,2.026028,0.493577
18,"Region 18","Krill Schools",2079,-75.005542,-66.779433,1.490020,289.001796,4911,13995.786013,20220426, 06:30:25.0011,20220426, 06:30:55.0011,20220426, 06:30:37.0011,33.10543737,-117.52524862,33.10541043,-117.52534405,33.10542723,-117.52528451,"13.0.398.0","C:\Work\GliderTesting\Nortek echoview template\Test_nortek_template.EV",11.322386,2.235030,27.114616,16.870582,0.00000006262762,-9999.000000,1.485030,-9999.000000,-9999.000000,0.00000000076569,0.00000021407572,0.00000004705849,-73.2736205835,1.490020,70.000000,288.975106,0.211654,1.000000,1.874869,0.533371
19,"Region 19","Krill Schools",2079,-75.252036,-65.691080,1.639022,306.509531,4927,14026.455433,20220426, 06:32:01.0011,20220426, 06:32:25.0011,20220426, 06:32:13.0011,33.10535037,-117.52555676,33.10532816,-117.52563546,33.10533929,-117.52559603,"13.0.398.0","C:\Work\GliderTesting\Nortek echoview template\Test_nortek_template.EV",9.667315,2.235030,23.846198,15.742480,0.00000006467650,-9999.000000,1.485030,-9999.000000,-9999.000000,0.00000052183513,0.00000031032158,0.00000004890815,-73.1061879057,1.639022,70.000000,306.412070,0.244544,1.000000,1.494280,0.669219
20,"Region 20","Krill Schools",2079,-77.830421,-68.147442,1.303768,137.738158,5227,14598.483375,20220426, 07:02:01.0011,20220426, 07:02:31.0011,20220426, 07:02:13.0011,33.10371005,-117.53136699,33.10368240,-117.53146493,33.10369900,-117.53140614,"13.0.398.0","C:\Work\GliderTesting\Nortek echoview template\Test_nortek_template.EV",11.319396,2.235030,27.352047,14.800580,0.00000003831586,-9999.000000,1.485030,-9999.000000,-9999.000000,0.00000000082226,0.00000024336831,0.00000002148612,-76.6784194736,1.303768,70.000000,137.671574,0.247199,1.000000,1.272349,0.785948
21,"Region 21","Krill Schools",2079,-70.012277,-59.869814,1.303768,210.216988,5239,14621.379806,20220426, 07:03:13.0011,20220426, 07:03:43.0011,20220426, 07:03:25.0011,33.10364441,-117.53159950,33.10361678,-117.53169736,33.10363334,-117.53163870,"13.0.398.0","C:\Work\GliderTesting\Nortek echoview template\Test_nortek_template.EV",11.408114,2.607535,28.177355,14.842770,0.00000023251579,-9999.000000,1.857535,-9999.000000,-9999.000000,0.00000000195605,0.00000152535401,0.00000013000870,-68.8602757407,1.303768,70.000000,209.969089,0.447393,1.000000,1.266181,0.789776
22,"Region 22","Krill Schools",2079,-70.476089,-60.778681,1.303768,234.589458,5265,14671.025430,20220426, 07:05:49.0011,20220426, 07:06:19.0011,20220426, 07:06:01.0011,33.10350202,-117.53210387,33.10347520,-117.53219887,33.10349099,-117.53214295,"13.0.398.0","C:\Work\GliderTesting\Nortek echoview template\Test_nortek_template.EV",11.300788,2.235030,27.085313,14.660363,0.00000020234962,-9999.000000,1.485030,-9999.000000,-9999.000000,0.00000000430092,0.00000131712179,0.00000011683992,-69.3240873847,1.303768,70.000000,234.486209,0.246525,1.000000,1.335943,0.748535
23,"Region 23","Krill Schools",2079,-64.672554,-55.887168,1.564521,344.691293,5316,14768.084848,20220426, 07:10:55.0011,20220426, 07:11:19.0011,20220426, 07:11:07.0011,33.10322385,-117.53308919,33.10320162,-117.53316792,33.10321267,-117.53312878,"13.0.398.0","C:\Work\GliderTesting\Nortek echoview template\Test_nortek_template.EV",9.684970,2.607535,24.580873,15.148432,0.00000075376552,-9999.000000,1.857535,-9999.000000,-9999.000000,0.00000005249462,0.00000420523973,0.00000053348968,-62.7287397493,1.564521,70.000000,344.633446,0.446387,1.000000,1.383637,0.722733
24,"Region 24","Krill Schools",2079,-71.104421,-61.662083,1.543235,317.716793,5839,16090.510659,20220426, 08:27:36.0011,20220426, 08:28:12.0011,20220426, 08:27:54.0011,33.09786682,-117.54372003,33.09786513,-117.54381389,33.09786600,-117.54376545,"13.0.398.0","C:\Work\GliderTesting\Nortek echoview template\Test_nortek_template.EV",10.262811,2.235030,26.465079,15.834917,0.00000016539883,-9999.000000,1.485030,-9999.000000,-9999.000000,0.00000015916612,0.00000091127168,0.00000011967129,-69.2201002494,1.543235,70.000000,317.636396,0.186175,1.000000,2.003282,0.499181
25,"Region 25","Krill Schools",2079,-63.281160,-53.691095,1.303768,424.620223,5858,16118.848880,20220426, 08:29:36.0011,20220426, 08:30:06.0011,20220426, 08:29:48.0011,33.09786114,-117.54403535,33.09785972,-117.54411450,33.09786054,-117.54406895,"13.0.398.0","C:\Work\GliderTesting\Nortek echoview template\Test_nortek_template.EV",8.893684,2.235030,22.142850,11.523217,0.00000107921532,-9999.000000,1.485030,-9999.000000,-9999.000000,0.00000318394199,0.00000602301493,0.00000061246911,-62.1291581303,1.303768,70.000000,424.482428,0.249572,1.000000,1.298052,0.770385
26,"Region 26","Krill Schools",2079,-71.321278,-62.232217,1.639022,222.695906,6613,17237.400619,20220426, 09:45:06.0011,20220426, 09:45:30.0011,20220426, 09:45:18.0011,33.09764541,-117.55601646,33.09764428,-117.55607911,33.09764483,-117.55604861,"13.0.398.0","C:\Work\GliderTesting\Nortek echoview template\Test_nortek_template.EV",7.520901,2.235030,19.373334,12.329819,0.00000015140912,-9999.000000,1.485030,-9999.000000,-9999.000000,0.00000044741585,0.00000054349031,0.00000012090853,-69.1754305993,1.639022,70.000000,222.651697,0.184053,1.000000,1.632100,0.612708
27,"Region 27","Krill Schools",2079,-75.705450,-66.659648,1.117515,291.609331,6686,17345.561688,20220426, 09:52:24.0011,20220426, 09:52:54.0011,20220426, 09:52:36.0011,33.09762455,-117.55717484,33.09762310,-117.55725547,33.09762398,-117.55720702,"13.0.398.0","C:\Work\GliderTesting\Nortek echoview template\Test_nortek_template.EV",8.795359,2.235030,22.305846,9.828946,0.00000006049725,-9999.000000,1.485030,-9999.000000,-9999.000000,0.00000000008509,0.00000046384638,0.00000003004058,-75.2229162957,1.117515,70.000000,291.513898,0.343981,1.000000,1.159366,0.862540
28,"Region 28","Krill Schools",2079,-65.379445,-55.685992,1.788024,276.305584,7096,18089.528471,20220426, 10:59:52.0011,20220426, 11:00:16.0011,20220426, 11:00:04.0011,33.09718599,-117.56432566,33.09721890,-117.56438110,33.09720265,-117.56435373,"13.0.398.0","C:\Work\GliderTesting\Nortek echoview template\Test_nortek_template.EV",8.027669,2.235030,20.460421,14.316272,0.00000072739325,-9999.000000,1.485030,-9999.000000,-9999.000000,0.00000251315668,0.00000450507752,0.00000051811814,-62.8557120213,1.788024,70.000000,276.092724,0.124880,1.000000,1.270136,0.787317
29,"Region 29","Krill Schools",2079,-66.868917,-58.570645,1.303768,610.074498,7411,18587.152928,20220426, 11:31:22.0011,20220426, 11:31:52.0011,20220426, 11:31:34.0011,33.09977183,-117.56868194,33.09981352,-117.56875218,33.09978858,-117.56871016,"13.0.398.0","C:\Work\GliderTesting\Nortek echoview template\Test_nortek_template.EV",9.612039,2.235030,23.687971,12.540287,0.00000042746478,-9999.000000,1.485030,-9999.000000,-9999.000000,0.00000000203852,0.00000222441841,0.00000026810720,-65.7169152446,1.303768,70.000000,610.098722,0.239411,1.000000,1.529276,0.653904
30,"Region 30","Krill Schools",2079,-73.094538,-65.087068,1.490020,441.396252,8203,19838.238777,20220426, 12:50:28.0011,20220426, 12:51:04.0011,20220426, 12:50:46.0012,33.10626518,-117.57962112,33.10631502,-117.57970509,33.10629011,-117.57966313,"13.0.398.0","C:\Work\GliderTesting\Nortek echoview template\Test_nortek_template.EV",11.185089,2.235030,26.837356,16.758806,0.00000009247645,-9999.000000,1.485030,-9999.000000,-9999.000000,0.00000058053113,0.00000036288445,0.00000007306986,-71.3626169938,1.490020,70.000000,441.381645,0.153245,1.000000,2.354931,0.424641
31,"Region 31","Krill Schools",2079,-71.436112,-62.513842,1.564521,242.997428,8889,20941.200283,20220426, 14:00:24.0011,20220426, 14:00:48.0011,20220426, 14:00:36.0011,33.11200546,-117.58929161,33.11203906,-117.58934823,33.11202215,-117.58931974,"13.0.398.0","C:\Work\GliderTesting\Nortek echoview template\Test_nortek_template.EV",8.021506,2.607535,21.285488,12.375832,0.00000015158888,-9999.000000,1.857535,-9999.000000,-9999.000000,0.00000105442384,0.00000078225601,0.00000011240101,-69.4922978859,1.564521,70.000000,242.999138,0.475212,1.000000,1.492858,0.669856
32,"Region 32","Krill Schools",2079,-73.522884,-63.643665,1.564521,535.041348,9168,21381.808963,20220426, 14:28:18.0011,20220426, 14:28:42.0011,20220426, 14:28:30.0011,33.11429643,-117.59315115,33.11432830,-117.59320484,33.11431205,-117.59317746,"13.0.398.0","C:\Work\GliderTesting\Nortek echoview template\Test_nortek_template.EV",7.727303,2.607535,20.667289,12.400573,0.00000011115564,-9999.000000,1.857535,-9999.000000,-9999.000000,0.00000000041581,0.00000075548026,0.00000006951731,-71.5790704211,1.564521,70.000000,534.932514,0.513051,1.000000,1.123928,0.889737
33,"Region 33","Krill Schools",2079,-66.235274,-56.940628,1.303768,266.465243,9768,22579.811848,20220426, 16:02:10.0011,20220426, 16:02:40.0012,20220426, 16:02:22.0011,33.11864616,-117.59781472,33.11870859,-117.59781342,33.11867110,-117.59781420,"13.0.398.0","C:\Work\GliderTesting\Nortek echoview template\Test_nortek_template.EV",8.335822,2.607535,21.843439,10.909173,0.00000054770392,-9999.000000,1.857535,-9999.000000,-9999.000000,0.00000000146679,0.00000325361226,0.00000031022208,-65.0832729591,1.303768,70.000000,266.493029,0.482569,1.000000,1.293823,0.772903
34,"Region 34","Krill Schools",2079,-65.415734,-56.397991,1.303768,496.513688,9974,22860.802632,20220426, 16:22:46.0011,20220426, 16:23:16.0011,20220426, 16:22:58.0011,33.12117955,-117.59776184,33.12124149,-117.59776054,33.12120429,-117.59776132,"13.0.398.0","C:\Work\GliderTesting\Nortek echoview template\Test_nortek_template.EV",8.237228,2.235030,20.951873,10.738805,0.00000062612249,-9999.000000,1.485030,-9999.000000,-9999.000000,0.00000001440634,0.00000352513715,0.00000037465084,-64.2637328425,1.303768,70.000000,496.502897,0.256134,1.000000,1.416771,0.705831
35,"Region 35","Krill Schools",2079,-63.455735,-54.421326,1.117515,544.167721,10014,22915.373699,20220426, 16:26:46.0011,20220426, 16:27:16.0011,20220426, 16:26:58.0011,33.12167132,-117.59775157,33.12173308,-117.59775028,33.12169626,-117.59775105,"13.0.398.0","C:\Work\GliderTesting\Nortek echoview template\Test_nortek_template.EV",8.302292,2.235030,20.760799,9.277936,0.00000108582234,-9999.000000,1.485030,-9999.000000,-9999.000000,-9.9e+37,0.00000852824615,0.00000050428945,-62.9732011582,1.117515,70.000000,544.216344,0.333815,1.000000,1.036631,0.964664
36,"Region 36","Krill Schools",2079,-66.620919,-57.645863,1.303768,608.797338,10101,23034.201509,20220426, 16:35:28.0011,20220426, 16:35:58.0011,20220426, 16:35:40.0011,33.12274255,-117.59772921,33.12280396,-117.59772793,33.12276752,-117.59772869,"13.0.398.0","C:\Work\GliderTesting\Nortek echoview template\Test_nortek_template.EV",8.284426,2.607535,21.676478,10.804918,0.00000045455813,-9999.000000,1.857535,-9999.000000,-9999.000000,0.00000196074534,0.00000205397953,0.00000028386264,-65.4689176001,1.303768,70.000000,609.021006,0.421475,1.000000,1.518599,0.658502
37,"Region 37","Krill Schools",2079,-78.899331,-69.346228,1.303768,535.200993,10128,23071.054976,20220426, 16:38:10.0011,20220426, 16:38:40.0012,20220426, 16:38:22.0011,33.12307409,-117.59772229,33.12313516,-117.59772102,33.12309976,-117.59772175,"13.0.398.0","C:\Work\GliderTesting\Nortek echoview template\Test_nortek_template.EV",8.157917,2.235030,20.689099,10.696872,0.00000002936219,-9999.000000,1.485030,-9999.000000,-9999.000000,0.00000000002123,0.00000018746811,0.00000001679837,-77.7473293275,1.303768,70.000000,535.182424,0.273894,1.000000,1.315609,0.760104
38,"Region 38","Krill Schools",2079,-76.404586,-68.003577,1.490020,572.105596,10150,23100.970189,20220426, 16:40:22.0012,20220426, 16:40:52.0011,20220426, 16:40:34.0011,33.12334455,-117.59771664,33.12340644,-117.59771535,33.12336945,-117.59771612,"13.0.398.0","C:\Work\GliderTesting\Nortek echoview template\Test_nortek_template.EV",8.286826,2.980040,22.475067,12.347536,0.00000004289831,-9999.000000,2.230040,-9999.000000,-9999.000000,0.00000000031314,0.00000015848842,0.00000003409836,-74.6726653486,1.490020,70.000000,572.235969,0.630050,0.833333,1.717298,0.582310
39,"Region 39","Krill Schools",2079,-67.431372,-59.150077,1.303768,278.598263,10686,23832.198319,20220426, 17:33:58.0011,20220426, 17:34:28.0011,20220426, 17:34:10.0011,33.12993881,-117.59757899,33.12999904,-117.59757774,33.12996162,-117.59757852,"13.0.398.0","C:\Work\GliderTesting\Nortek echoview template\Test_nortek_template.EV",8.080400,2.235030,20.603127,10.486914,0.00000037761840,-9999.000000,1.485030,-9999.000000,-9999.000000,0.00000169728762,0.00000181173961,0.00000023553906,-66.2793705367,1.303768,70.000000,278.546020,0.243408,1.000000,1.515733,0.659747
40,"Region 40","Krill Schools",2079,-74.754051,-64.758896,1.303768,505.985958,10940,24178.880829,20220426, 17:59:22.0011,20220426, 17:59:52.0011,20220426, 17:59:34.0011,33.13306273,-117.59751378,33.13312267,-117.59751253,33.13308703,-117.59751328,"13.0.398.0","C:\Work\GliderTesting\Nortek echoview template\Test_nortek_template.EV",8.037121,2.607535,21.299287,10.441576,0.00000008199063,-9999.000000,1.857535,-9999.000000,-9999.000000,0.00000000018079,0.00000057267269,0.00000004363098,-73.6020498846,1.303768,70.000000,506.098745,0.488374,1.000000,1.164641,0.858634
41,"Region 41","Krill Schools",2079,-64.414843,-54.600734,1.490020,281.197816,15086,30580.854266,20220427, 02:00:27.0011,20220427, 02:00:51.0011,20220427, 02:00:39.0011,33.15384172,-117.56699906,33.15384267,-117.56692848,33.15384220,-117.56696322,"13.0.398.0","C:\Work\GliderTesting\Nortek echoview template\Test_nortek_template.EV",8.355936,2.235030,21.094796,12.450309,0.00000083560989,-9999.000000,1.485030,-9999.000000,-9999.000000,0.00000685833930,0.00000537507559,0.00000053914774,-62.6829221453,1.490020,70.000000,281.305194,0.259029,1.000000,1.228093,0.814271
42,"Region 42","Krill Schools",2079,-69.613225,-60.101265,1.490020,273.729091,15116,30630.540046,20220427, 02:03:27.0012,20220427, 02:03:57.0012,20220427, 02:03:39.0011,33.15384894,-117.56646646,33.15385012,-117.56637961,33.15384942,-117.56643069,"13.0.398.0","C:\Work\GliderTesting\Nortek echoview template\Test_nortek_template.EV",9.772475,2.235030,24.004310,14.561183,0.00000023002182,-9999.000000,1.485030,-9999.000000,-9999.000000,0.00000000233476,0.00000097930180,0.00000016288069,-67.8813039256,1.490020,70.000000,273.726216,0.186415,1.000000,1.705069,0.586487
43,"Region 43","Krill Schools",2079,-79.631715,-70.545071,1.490020,265.180101,15181,30737.780237,20220427, 02:09:57.0011,20220427, 02:10:21.0011,20220427, 02:10:09.0011,33.15386453,-117.56531683,33.15386550,-117.56524521,33.15386501,-117.56528131,"13.0.398.0","C:\Work\GliderTesting\Nortek echoview template\Test_nortek_template.EV",8.345783,2.235030,21.200701,12.452233,0.00000002319023,-9999.000000,1.485030,-9999.000000,-9999.000000,0.00000018466350,0.00000008907023,0.00000001621887,-77.8997940388,1.490020,70.000000,265.069711,0.290396,1.000000,1.402509,0.713008
44,"Region 44","Krill Schools",2079,-71.166027,-62.118543,1.490020,577.674546,15403,31104.409852,20220427, 02:32:09.0011,20220427, 02:32:33.0011,20220427, 02:32:21.0011,33.15391784,-117.56138497,33.15391877,-117.56131568,33.15391828,-117.56135182,"13.0.398.0","C:\Work\GliderTesting\Nortek echoview template\Test_nortek_template.EV",8.143015,2.235030,20.733289,12.164544,0.00000015942154,-9999.000000,1.485030,-9999.000000,-9999.000000,0.00000157275975,0.00000074047211,0.00000011391722,-69.4341061403,1.490020,70.000000,577.734350,0.209306,1.000000,1.452065,0.688674
45,"Region 45","Krill Schools",2079,-49.710247,-41.602589,4.842565,706.955988,15447,31177.317791,20220427, 02:36:27.0011,20220427, 02:37:09.0011,20220427, 02:36:45.0011,33.15392815,-117.56062411,33.15392981,-117.56050155,33.15392888,-117.56057041,"13.0.398.0","C:\Work\GliderTesting\Nortek echoview template\Test_nortek_template.EV",13.094317,7.077595,40.310087,63.200806,0.00001387055747,-9999.000000,6.327595,-9999.000000,-9999.000000,0.00003450676010,0.00001631574626,0.00005176673483,-42.8594922716,4.842565,70.000000,706.522698,1.905992,0.798077,11.608835,0.086141
46,"Region 46","Krill Schools",2079,-64.782936,-56.939662,1.639022,339.289971,16056,32183.290104,20220427, 03:37:27.0011,20220427, 03:37:51.0011,20220427, 03:37:39.0011,33.15407458,-117.54982434,33.15407556,-117.54975233,33.15407506,-117.54978853,"13.0.398.0","C:\Work\GliderTesting\Nortek echoview template\Test_nortek_template.EV",8.352744,2.235030,21.197322,13.556637,0.00000065087742,-9999.000000,1.485030,-9999.000000,-9999.000000,0.00000000486636,0.00000219730199,0.00000054486786,-62.6370881135,1.639022,70.000000,339.308715,0.217433,1.000000,1.758922,0.568530
47,"Region 47","Krill Schools",2079,-51.956548,-39.560157,7.539501,649.738288,16310,32602.976068,20220427, 04:00:39.0011,20220427, 04:05:33.0011,20220427, 04:03:03.0011,33.15413026,-117.54571790,33.15414204,-117.54484895,33.15413605,-117.54529038,"13.0.398.0","C:\Work\GliderTesting\Nortek echoview template\Test_nortek_template.EV",82.834110,11.920160,201.822221,623.917819,0.00001120592515,-9999.000000,11.170160,-9999.000000,-9999.000000,0.00003832457437,0.00001510879315,0.00004804938052,-43.1831220710,7.539501,70.000000,648.141366,2.795940,0.982213,90.560566,0.011042
48,"Region 48","Krill Schools",2079,-53.116872,-42.871265,8.381363,647.593734,16340,32652.329204,20220427, 04:05:45.0012,20220427, 04:06:27.0011,20220427, 04:06:03.0012,33.15414250,-117.54481503,33.15414420,-117.54468978,33.15414322,-117.54476142,"13.0.398.0","C:\Work\GliderTesting\Nortek echoview template\Test_nortek_template.EV",13.357050,9.685130,47.284701,111.963046,0.00000756085489,-9999.000000,8.935130,-9999.000000,-9999.000000,0.00002296444683,0.00001212385010,0.00004089096983,-43.8837258901,8.381363,70.000000,645.883452,2.614444,0.750000,14.861030,0.067290
49,"Region 49","Krill Schools",2079,-74.176166,-64.129874,1.365852,280.992938,16946,33653.421493,20220427, 05:06:15.0011,20220427, 05:07:03.0011,20220427, 05:06:39.0011,33.15428773,-117.53410330,33.15428968,-117.53395976,33.15428870,-117.53403182,"13.0.398.0","C:\Work\GliderTesting\Nortek echoview template\Test_nortek_template.EV",15.063904,4.097555,38.063620,20.591841,0.00000008428448,-9999.000000,3.347555,-9999.000000,-9999.000000,0.00000000256858,0.00000046007689,0.00000005221400,-72.8221305171,1.365852,70.000000,281.283281,1.229362,1.000000,2.151427,0.464808
50,"Region 50","Krill Schools",2079,-70.099397,-61.426818,1.564521,399.822033,17008,33755.899861,20220427, 05:12:39.0011,20220427, 05:13:03.0011,20220427, 05:12:51.0011,33.15430311,-117.53296930,33.15430408,-117.53289722,33.15430359,-117.53293346,"13.0.398.0","C:\Work\GliderTesting\Nortek echoview template\Test_nortek_template.EV",8.399088,2.607535,22.004200,13.174705,0.00000021397169,-9999.000000,1.857535,-9999.000000,-9999.000000,0.00000179341769,0.00000108968664,0.00000015291206,-68.1555825326,1.564521,70.000000,399.921726,0.468416,1.000000,1.405781,0.711349
51,"Region 51","Krill Schools",2079,-67.295166,-57.618243,1.341018,493.134536,17067,33853.351518,20220427, 05:18:33.0011,20220427, 05:18:57.0011,20220427, 05:18:45.0011,33.15431727,-117.53192478,33.15431824,-117.53185289,33.15431775,-117.53188899,"13.0.398.0","C:\Work\GliderTesting\Nortek echoview template\Test_nortek_template.EV",8.392114,2.235030,21.230396,11.275013,0.00000046499220,-9999.000000,1.485030,-9999.000000,-9999.000000,0.00000451947505,0.00000362015728,0.00000024998732,-66.0208201445,1.341018,70.000000,493.054825,0.321167,1.000000,0.975107,1.025528
52,"Region 52","Krill Schools",2079,-51.446396,-37.154783,7.275136,547.803907,17138,33970.555073,20220427, 05:19:21.0011,20220427, 05:32:27.0012,20220427, 05:25:51.0011,33.15431918,-117.53178402,33.15435064,-117.52946366,33.15433478,-117.53063281,"13.0.398.0","C:\Work\GliderTesting\Nortek echoview template\Test_nortek_template.EV",218.173754,25.330340,510.733948,1586.935404,0.00001414126126,-9999.000000,24.580340,-9999.000000,-9999.000000,0.00005945023646,0.00002497550627,0.00005214365733,-42.8279851092,7.275136,70.000000,546.370576,26.965143,0.994569,195.268729,0.005121
53,"Region 53","Krill Schools",2079,-64.879178,-57.029943,1.490020,606.934813,17143,33978.942930,20220427, 05:26:09.0011,20220427, 05:26:39.0011,20220427, 05:26:21.0011,33.15433551,-117.53057903,33.15433672,-117.53048970,33.15433600,-117.53054291,"13.0.398.0","C:\Work\GliderTesting\Nortek echoview template\Test_nortek_template.EV",10.069753,2.607535,25.287936,15.004133,0.00000061612974,-9999.000000,1.857535,-9999.000000,-9999.000000,0.00000000252362,0.00000189743532,0.00000048447828,-63.1472568551,1.490020,70.000000,606.915968,0.378545,1.000000,2.013045,0.496760
54,"Region 54","Krill Schools",2079,-48.153113,-38.776178,4.144118,533.517845,17209,34088.034799,20220427, 05:32:39.0012,20220427, 05:33:21.0012,20220427, 05:32:57.0012,33.15435113,-117.52942746,33.15435279,-117.52930499,33.15435186,-117.52937367,"13.0.398.0","C:\Work\GliderTesting\Nortek echoview template\Test_nortek_template.EV",13.087935,4.470060,35.136563,54.286968,0.00002829505230,-9999.000000,3.720060,-9999.000000,-9999.000000,0.00010150759858,0.00006193191701,0.00006340460180,-41.9787922062,4.144118,70.000000,532.707712,0.248799,0.752809,5.712362,0.175059
55,"Region 55","Krill Schools",2079,-52.900089,-38.844194,8.036795,519.155283,18004,36109.125086,20220427, 07:14:14.0011,20220427, 07:30:08.0012,20220427, 07:22:08.0011,33.14877010,-117.51857626,33.14951444,-117.51621522,33.14913988,-117.51740332,"13.0.398.0","C:\Work\GliderTesting\Nortek echoview template\Test_nortek_template.EV",236.736617,23.467815,571.342443,1901.836465,0.00000975057818,-9999.000000,22.717815,-9999.000000,-9999.000000,0.00003696028269,0.00001704567303,0.00004121677065,-43.8492603841,8.036795,70.000000,516.809099,26.593702,0.988413,275.481459,0.003630
56,"Region 56","Krill Schools",2079,-49.672932,-34.716770,7.621648,452.015254,18818,37323.507878,20220427, 08:36:43.0011,20220427, 08:51:49.0011,20220427, 08:44:13.0011,33.15263199,-117.50632638,33.15333833,-117.50408587,33.15298256,-117.50521438,"13.0.398.0","C:\Work\GliderTesting\Nortek echoview template\Test_nortek_template.EV",224.719557,19.742765,570.341470,1714.561376,0.00002330627156,-9999.000000,18.992765,-9999.000000,-9999.000000,0.00009442654456,0.00004129998141,0.00008217802902,-40.8524427920,7.621648,70.000000,449.895192,10.846103,0.996785,203.633387,0.004911
57,"Region 57","Krill Schools",2079,-46.873771,-34.739903,4.563186,443.872650,18899,37443.467440,20220427, 08:52:01.0011,20220427, 08:52:43.0011,20220427, 08:52:19.0011,33.15334789,-117.50405554,33.15338029,-117.50395279,33.15336216,-117.50401031,"13.0.398.0","C:\Work\GliderTesting\Nortek echoview template\Test_nortek_template.EV",11.732815,5.215070,33.894841,53.572266,0.00005744638806,-9999.000000,4.465070,-9999.000000,-9999.000000,0.00027573872145,0.00014598392945,0.00009373268621,-40.2810893669,4.563186,70.000000,442.882394,0.202004,0.765306,3.204976,0.312015
58,"Region 58","Krill Schools",2079,-41.181691,-26.652044,6.367963,284.340736,21175,41003.352810,20220427, 12:57:39.0011,20220427, 13:15:27.0011,20220427, 13:06:33.0011,33.16874522,-117.47636161,33.16990656,-117.47422904,33.16932532,-117.47529636,"13.0.398.0","C:\Work\GliderTesting\Nortek echoview template\Test_nortek_template.EV",238.321308,10.430140,558.439707,1518.655227,0.00021772580392,-9999.000000,9.680140,-9999.000000,-9999.000000,0.00127244679299,0.00059990850147,0.00048510012466,-33.1416861377,6.367963,70.000000,282.319487,0.780303,0.988235,122.893685,0.008137
59,"Region 59","Krill Schools",2079,-69.588296,-60.467668,1.303768,319.573813,21183,41013.970255,20220427, 13:07:09.0011,20220427, 13:07:39.0011,20220427, 13:07:21.0011,33.16936463,-117.47522418,33.16939720,-117.47516438,33.16937736,-117.47520081,"13.0.398.0","C:\Work\GliderTesting\Nortek echoview template\Test_nortek_template.EV",7.999257,2.235030,20.342666,10.449740,0.00000024192340,-9999.000000,1.485030,-9999.000000,-9999.000000,0.00000000122857,0.00000140438178,0.00000014334104,-68.4362945016,1.303768,70.000000,319.499203,0.269310,1.000000,1.394075,0.717322
60,"Region 60","Krill Schools",2079,-40.671369,-25.287477,6.250263,280.192856,21661,41795.761522,20220427, 14:10:51.0011,20220427, 14:28:51.0011,20220427, 14:19:51.0011,33.17178968,-117.47179177,33.16955860,-117.47151618,33.17067396,-117.47165395,"13.0.398.0","C:\Work\GliderTesting\Nortek echoview template\Test_nortek_template.EV",250.202059,19.370260,611.098011,1564.138614,0.00023922994841,-9999.000000,18.620260,-9999.000000,-9999.000000,0.00133467624569,0.00064869571692,0.00053550243976,-32.7123854617,6.250263,70.000000,277.760244,11.148664,0.987488,127.034731,0.007872
61,"Region 61","Krill Schools",2079,-77.518117,-68.177081,1.543235,206.646078,21634,41758.336586,20220427, 14:16:51.0011,20220427, 14:17:27.0011,20220427, 14:17:09.0011,33.17104727,-117.47170006,33.17097282,-117.47169087,33.17100959,-117.47169541,"13.0.398.0","C:\Work\GliderTesting\Nortek echoview template\Test_nortek_template.EV",9.839354,2.235030,24.508857,15.189776,0.00000003357815,-9999.000000,1.485030,-9999.000000,-9999.000000,0.00000038656637,0.00000012271264,0.00000002732879,-75.6337965360,1.543235,70.000000,206.814489,0.187176,1.000000,2.415976,0.413911
62,"Region 62","Krill Schools",2079,-45.194337,-29.582462,6.852540,322.480735,22171,42500.996342,20220427, 15:01:21.0011,20220427, 15:20:27.0011,20220427, 15:10:51.0011,33.16552741,-117.47101824,33.16315838,-117.47072561,33.16434922,-117.47087271,"13.0.398.0","C:\Work\GliderTesting\Nortek echoview template\Test_nortek_template.EV",265.552524,24.212825,657.850099,1819.560566,0.00007889878735,-9999.000000,23.462825,-9999.000000,-9999.000000,0.00042059814458,0.00019246441975,0.00020721341768,-36.8358212617,6.852540,70.000000,320.348650,21.807146,0.988392,166.594499,0.006003
63,"Region 63","Krill Schools",2079,-46.758379,-31.220323,8.327349,357.698391,22796,43365.236454,20220427, 16:03:27.0011,20220427, 16:23:21.0011,20220427, 16:13:21.0011,33.15782690,-117.47006705,33.15535922,-117.46976224,33.15659849,-117.46991532,"13.0.398.0","C:\Work\GliderTesting\Nortek echoview template\Test_nortek_template.EV",276.614155,13.782685,636.127504,2304.463340,0.00005083270608,-9999.000000,13.032685,-9999.000000,-9999.000000,0.00021165912006,0.00009501973282,0.00017565840035,-37.5533107652,8.327349,70.000000,355.325346,3.608492,0.991948,242.741873,0.004120
64,"Region 64","Krill Schools",2079,-47.631926,-31.721351,7.330655,392.861406,23940,45182.722881,20220427, 19:15:37.0011,20220427, 19:33:55.0011,20220427, 19:24:43.0012,33.15066830,-117.47135948,33.14882342,-117.47021813,33.14974985,-117.47079127,"13.0.398.0","C:\Work\GliderTesting\Nortek echoview template\Test_nortek_template.EV",231.928648,16.762725,575.264140,1699.395242,0.00004269867469,-9999.000000,16.012725,-9999.000000,-9999.000000,0.00020487965234,0.00009941815144,0.00012645914225,-38.9804976826,7.330655,70.000000,390.461720,5.909578,0.989229,187.276958,0.005340
65,"Region 65","Krill Schools",2079,-43.420541,-23.744816,7.077595,366.529592,24565,45970.594114,20220427, 20:19:01.0012,20220427, 20:35:25.0011,20220427, 20:27:13.0011,33.14427629,-117.46740502,33.14262142,-117.46638122,33.14344827,-117.46689275,"13.0.398.0","C:\Work\GliderTesting\Nortek echoview template\Test_nortek_template.EV",208.180780,15.645210,543.649977,1473.817031,0.00017644365841,-9999.000000,14.895210,-9999.000000,-9999.000000,0.00136896323980,0.00063419144459,0.00032198202508,-34.9216837249,7.077595,70.000000,364.194710,2.412884,0.997448,72.630320,0.013768
66,"Region 66","Krill Schools",2079,-41.581018,-27.035605,3.512190,367.967212,24653,46081.415215,20220427, 20:35:43.0011,20220427, 20:36:19.0011,20220427, 20:36:01.0011,33.14259246,-117.46636330,33.14253110,-117.46632534,33.14256190,-117.46634440,"13.0.398.0","C:\Work\GliderTesting\Nortek echoview template\Test_nortek_template.EV",8.950274,4.842565,27.505991,31.447327,0.00029497207169,-9999.000000,4.092565,-9999.000000,-9999.000000,0.00366307808536,0.00165684780272,0.00024404856012,-36.1252375033,3.512190,70.000000,367.104799,0.159456,0.742424,0.978559,1.021911
67,"Region 67","Krill Schools",2079,-64.506532,-54.354904,1.210641,275.806523,25076,46803.945671,20220427, 21:32:20.0011,20220427, 21:32:38.0012,20220427, 21:32:26.0011,33.14030139,-117.46513115,33.14031170,-117.46521519,33.14030504,-117.46516093,"13.0.398.0","C:\Work\GliderTesting\Nortek echoview template\Test_nortek_template.EV",10.706709,2.607535,26.850898,13.010914,0.00000099698776,-9999.000000,1.857535,-9999.000000,-9999.000000,-9.9e+37,0.00000898949305,0.00000042890615,-63.6763772698,1.210641,70.000000,275.515287,0.191722,1.000000,0.582732,1.716056
68,"Region 68","Krill Schools",2079,-68.005252,-52.881540,1.247082,4.695821,25413,51049.612686,20220428, 00:37:05.0010,20220428, 00:39:17.0011,20220428, 00:38:11.0011,33.13432827,-117.49864392,33.13398731,-117.49887995,33.13415885,-117.49876120,"13.0.398.0","C:\Work\GliderTesting\Nortek echoview template\Test_nortek_template.EV",45.792170,4.097555,3356.979758,57.112348,0.00000061861330,-9999.000000,3.347555,-9999.000000,-9999.000000,0.00000418598907,0.00000329014770,0.00000019741030,-67.0463019374,1.247082,70.000000,5.337781,0.964424,0.974026,1.738714,0.575138
69,"Region 69","Krill Schools",2079,-76.604830,-65.991080,1.341018,78.908976,25417,51057.634026,20220428, 00:38:23.0011,20220428, 00:38:47.0011,20220428, 00:38:35.0011,33.13412759,-117.49878284,33.13406535,-117.49882593,33.13409635,-117.49880447,"13.0.398.0","C:\Work\GliderTesting\Nortek echoview template\Test_nortek_template.EV",9.997252,2.235030,24.445565,13.328346,0.00000005845857,-9999.000000,1.485030,-9999.000000,-9999.000000,0.00000064387342,0.00000047036974,0.00000002930567,-75.3304840720,1.341018,70.000000,78.660227,0.288108,1.000000,0.864245,1.157079
70,"Region 70","Krill Schools",2079,-67.381587,-60.182897,1.341018,194.013021,25419,51061.612902,20220428, 00:38:35.0011,20220428, 00:38:59.0011,20220428, 00:38:47.0011,33.13409635,-117.49880447,33.13403413,-117.49884754,33.13406535,-117.49882593,"13.0.398.0","C:\Work\GliderTesting\Nortek echoview template\Test_nortek_template.EV",9.985758,2.235030,24.396487,13.404314,0.00000026671029,-9999.000000,1.485030,-9999.000000,-9999.000000,0.00000155659800,0.00000133199641,0.00000024506198,-66.1072406419,1.341018,70.000000,194.076998,0.394876,1.000000,2.226313,0.449173
71,"Region 71","Krill Schools",2079,-77.876188,-73.835389,1.738357,142.580723,25496,51258.171391,20220428, 00:46:23.0012,20220428, 00:46:35.0012,20220428, 00:46:29.0011,33.13336625,-117.50056252,33.13335705,-117.50061859,33.13336206,-117.50058809,"13.0.398.0","C:\Work\GliderTesting\Nortek echoview template\Test_nortek_template.EV",8.251694,2.980040,22.806892,13.749222,0.00000001229208,-9999.000000,2.230040,-9999.000000,-9999.000000,-9.9e+37,0.00000001351236,0.00000002834785,-75.4747990147,1.738357,70.000000,142.559500,0.675404,1.000000,3.413901,0.292920
72,"Region 72","Krill Schools",2079,-64.832082,-55.900301,1.639022,263.671456,26173,54123.529060,20220428, 02:42:12.0011,20220428, 02:42:36.0011,20220428, 02:42:24.0012,33.12263363,-117.52568537,33.12262551,-117.52579817,33.12262962,-117.52574107,"13.0.398.0","C:\Work\GliderTesting\Nortek echoview template\Test_nortek_template.EV",13.175208,2.235030,30.815851,21.614338,0.00000072296303,-9999.000000,1.485030,-9999.000000,-9999.000000,0.00000026219318,0.00000374491658,0.00000053873672,-62.6862342605,1.639022,70.000000,263.671424,0.145958,1.000000,1.458748,0.685519
73,"Region 73","Krill Schools",2079,-69.499864,-60.083775,1.490020,221.932271,26181,54144.158528,20220428, 02:43:00.0011,20220428, 02:43:24.0011,20220428, 02:43:12.0011,33.12261778,-117.52590536,33.12260981,-117.52601602,33.12261375,-117.52596132,"13.0.398.0","C:\Work\GliderTesting\Nortek echoview template\Test_nortek_template.EV",13.090587,2.235030,30.320257,19.499470,0.00000024800139,-9999.000000,1.485030,-9999.000000,-9999.000000,0.00000255298758,0.00000111873642,0.00000016718824,-67.7679426944,1.490020,70.000000,222.081711,0.194087,1.000000,1.320723,0.757161
74,"Region 74","Krill Schools",2079,-64.277077,-54.732618,1.564521,336.868688,26241,54299.951891,20220428, 02:49:00.0011,20220428, 02:49:24.0012,20220428, 02:49:12.0012,33.12249811,-117.52756625,33.12248987,-117.52768062,33.12249391,-117.52762462,"13.0.398.0","C:\Work\GliderTesting\Nortek echoview template\Test_nortek_template.EV",12.904743,2.607535,31.267663,20.140292,0.00000084420025,-9999.000000,1.857535,-9999.000000,-9999.000000,0.00000673871414,0.00000486412794,0.00000058435089,-62.3332628812,1.564521,70.000000,336.773320,0.431939,1.000000,1.333690,0.749799
75,"Region 75","Krill Schools",2079,-71.711915,-63.169814,1.303768,378.216743,26327,54522.561463,20220428, 02:57:36.0011,20220428, 02:58:06.0011,20220428, 02:57:48.0010,33.12232654,-117.52994749,33.12231640,-117.53008813,33.12232266,-117.53000128,"13.0.398.0","C:\Work\GliderTesting\Nortek echoview template\Test_nortek_template.EV",15.362101,2.607535,36.352148,19.927803,0.00000012117829,-9999.000000,1.857535,-9999.000000,-9999.000000,0.00000066556001,0.00000037507493,0.00000008790401,-70.5599131479,1.303768,70.000000,378.495030,0.406072,1.000000,1.918997,0.521106
76,"Region 76","Krill Schools",2079,-70.120143,-60.737824,1.303768,427.759908,26385,54673.119550,20220428, 03:03:24.0011,20220428, 03:03:54.0011,20220428, 03:03:36.0011,33.12221096,-117.53155154,33.12220076,-117.53169311,33.12220684,-117.53160869,"13.0.398.0","C:\Work\GliderTesting\Nortek echoview template\Test_nortek_template.EV",15.440265,2.607535,36.525440,20.020025,0.00000021755891,-9999.000000,1.857535,-9999.000000,-9999.000000,0.00000000492280,0.00000130253391,0.00000012681946,-68.9681410219,1.303768,70.000000,427.814040,0.447346,1.000000,1.357094,0.736869
77,"Region 77","Krill Schools",2079,-49.562913,-36.335737,6.212851,657.061862,26564,55137.028008,20220428, 03:18:48.0011,20220428, 03:24:18.0011,20220428, 03:21:30.0011,33.12190388,-117.53581342,33.12179406,-117.53733760,33.12184998,-117.53656152,"13.0.398.0","C:\Work\GliderTesting\Nortek echoview template\Test_nortek_template.EV",144.988789,8.195110,321.537036,900.628370,0.00002114740363,-9999.000000,7.445110,-9999.000000,-9999.000000,0.00008356675245,0.00002989763707,0.00006870679603,-41.6300030323,6.212851,70.000000,655.703140,1.322429,0.983940,73.575781,0.013591
78,"Region 78","Krill Schools",2079,-53.322041,-41.408426,11.973375,662.348657,26597,55222.407704,20220428, 03:24:30.0012,20220428, 03:25:06.0011,20220428, 03:24:48.0011,33.12179036,-117.53738899,33.12177824,-117.53755709,33.12178430,-117.53747306,"13.0.398.0","C:\Work\GliderTesting\Nortek echoview template\Test_nortek_template.EV",18.417466,16.762725,75.465667,220.665396,0.00000892835309,-9999.000000,16.012725,-9999.000000,-9999.000000,0.00002453024286,0.00001725880701,0.00005572017526,-42.5398752621,11.973375,70.000000,659.278637,8.274273,0.746667,13.432351,0.074447
79,"Region 79","Krill Schools",2079,-73.978990,-64.894296,1.862525,428.318666,27313,57078.412764,20220428, 04:36:18.0011,20220428, 04:36:36.0011,20220428, 04:36:24.0011,33.12035859,-117.55726014,33.12035255,-117.55734392,33.12035657,-117.55728812,"13.0.398.0","C:\Work\GliderTesting\Nortek echoview template\Test_nortek_template.EV",10.072401,2.235030,24.996349,18.901974,0.00000007634399,-9999.000000,1.485030,-9999.000000,-9999.000000,0.00000007506147,0.00000034429798,0.00000007450803,-71.2779691425,1.862525,70.000000,428.346071,0.202700,1.000000,1.670440,0.598645
80,"Region 80","Krill Schools",2079,-68.607941,-59.199471,1.303768,472.460508,27317,57088.465812,20220428, 04:36:36.0011,20220428, 04:37:06.0011,20220428, 04:36:48.0011,33.12035255,-117.55734392,33.12034278,-117.55747949,33.12034884,-117.55739545,"13.0.398.0","C:\Work\GliderTesting\Nortek echoview template\Test_nortek_template.EV",15.309840,2.607535,35.832859,20.040147,0.00000030413500,-9999.000000,1.857535,-9999.000000,-9999.000000,0.00000000738008,0.00000184155458,0.00000017964125,-67.4559393011,1.303768,70.000000,472.441014,0.468341,1.000000,1.386951,0.721006
81,"Region 81","Krill Schools",2079,-67.524902,-58.875475,1.564521,516.416098,27336,57137.956853,20220428, 04:38:30.0011,20220428, 04:38:54.0012,20220428, 04:38:42.0011,33.12031481,-117.55786775,33.12030673,-117.55797978,33.12031077,-117.55792382,"13.0.398.0","C:\Work\GliderTesting\Nortek echoview template\Test_nortek_template.EV",13.116681,2.607535,31.494204,20.352518,0.00000031819280,-9999.000000,1.857535,-9999.000000,-9999.000000,0.00000178002263,0.00000135507639,0.00000027662483,-65.5810883605,1.564521,70.000000,516.213595,0.496049,1.000000,1.915236,0.522129
82,"Region 82","Krill Schools",2079,-66.830198,-58.329948,1.341018,590.730846,27393,57285.548186,20220428, 04:44:12.0011,20220428, 04:44:36.0011,20220428, 04:44:24.0011,33.12020126,-117.55944369,33.12019319,-117.55955560,33.12019723,-117.55949952,"13.0.398.0","C:\Work\GliderTesting\Nortek echoview template\Test_nortek_template.EV",13.120982,2.235030,30.699006,17.571525,0.00000045210060,-9999.000000,1.485030,-9999.000000,-9999.000000,-9.9e+37,0.00000311444231,0.00000027823697,-65.5558517237,1.341018,70.000000,590.739967,0.329657,1.000000,1.222617,0.817918
83,"Region 83","Krill Schools",2079,-50.725694,-39.240294,6.220833,685.033721,27457,57451.362460,20220428, 04:49:54.0012,20220428, 04:51:48.0012,20220428, 04:50:48.0012,33.12008740,-117.56102385,33.12004968,-117.56154740,33.12006968,-117.56126977,"13.0.398.0","C:\Work\GliderTesting\Nortek echoview template\Test_nortek_template.EV",51.706045,8.195110,121.217832,322.850852,0.00001458737770,-9999.000000,7.445110,-9999.000000,-9999.000000,0.00003831716235,0.00001604525815,0.00005263555415,-42.7872080045,6.220833,70.000000,683.797932,1.258254,0.955090,29.984735,0.033350
84,"Region 84","Krill Schools",2079,-73.915689,-66.189923,1.490020,598.553451,27460,57459.419079,20220428, 04:50:54.0012,20220428, 04:51:24.0011,20220428, 04:51:06.0011,33.12006751,-117.56129987,33.12005776,-117.56143521,33.12006348,-117.56135578,"13.0.398.0","C:\Work\GliderTesting\Nortek echoview template\Test_nortek_template.EV",15.290263,2.980040,36.738284,22.782797,0.00000007509113,-9999.000000,2.230040,-9999.000000,-9999.000000,0.00000022292789,0.00000024374526,0.00000006048158,-72.1837684465,1.490020,70.000000,598.612719,0.653411,1.000000,2.088968,0.478705
85,"Region 85","Krill Schools",2079,-52.805819,-39.837168,10.383577,687.544561,27472,57490.298320,20220428, 04:52:00.0011,20220428, 04:52:42.0011,20220428, 04:52:18.0012,33.12004562,-117.56160375,33.12003182,-117.56179529,33.12003973,-117.56168545,"13.0.398.0","C:\Work\GliderTesting\Nortek echoview template\Test_nortek_template.EV",20.558297,14.155190,69.395075,212.334807,0.00001100737241,-9999.000000,13.405190,-9999.000000,-9999.000000,0.00004885806482,0.00001855269371,0.00005442081814,-42.6423493350,10.383577,70.000000,684.977855,6.736850,0.753363,11.622007,0.086044
